ASIN,Title,Price
B0CW5XMRK9,Amazon US,£15.07
B0FLWKKHRP,,
B0FLWH7DXS,,
B0FLWGHQYX,,
B0CBG6RBQ4,Amazon US,£15.07
B0FLWFY46M,,
B0FLWFG199,,
B0DFZ45L1R,Amazon US,£16.40
B094ZS7PGB,Amazon US,£46.72
B0B4R1MX8X,,
B0FLWDGTGW,,
B094ZRQVJL,,
B0DW4FW19N,Amazon US,£21.84
B0F1VBCVZX,,
B0FLPWRHLB,,
B094ZS9LB9,Amazon US,£81.91
B0CW678WHR,Amazon US,£14.84
B0DY6J2XRH,Amazon US,£15.14
B0CBG4QXM1,Amazon US,£14.52
B0CSXG3S7Z,Amazon US,£14.52
B0FL85B4HZ,Amazon US,£18.77
B0FLWDYJ1K,,
B0FLWG431P,,
B0FLWGCRCX,,
B0CQC7QMYY,Amazon US,£34.10
B094ZRL7DG,Amazon US,£28.91
B0CXX81L7H,Amazon US,£13.74
B0FLWFFMBL,,
B0CMTJNVTJ,Amazon US,£13.48
B0FLWFFNBB,,
B0FL87Z7BD,Amazon US,£23.65
B0CW65SQ7Q,Amazon US,£17.29
B0CDSFRL5J,Amazon US,£18.35
B0BVBW39BM,Amazon US,£17.52
B0DXKHHR3K,Amazon US,£14.68
B0DQ93MVB3,Amazon US,£13.52
B0CBG3PBDQ,Amazon US,£14.56
B08X73RYPC,Amazon US,£32.78
B0FG1RLP8N,,
B0B1C1QNZG,Amazon US,£13.62
B0FLW9NZJL,,
B094ZRS2F4,Amazon US,£42.80
B0DXK6NR15,Amazon US,£14.72
B0CXXRDK3H,Amazon US,£13.82
B0FLWHLT7Z,,
B0FLWG54FR,,
B0FLWGN5X7,,
B0FG1S69NC,,
B0CBG618LC,Amazon US,£15.50
B0DVR3QYQS,Amazon US,£14.40
B0F1VBBYQ4,Amazon US,£22.85
B0FLWHGNBS,,
B094ZVTY6H,Amazon US,£45.07
B0F1V8N2MF,Amazon US,£19.63
B0F1VCGBG3,Amazon US,£18.16
B0CW5RB9TS,Amazon US,£14.50
B0FLWG7B6M,,
B0FLWHKDSF,,
B0CBG5GZS9,Amazon US,£17.71
